Date,Code,Name,Close,AnomalyScore,AnomalyReason,Rt,Stage,FwdReturn5d,FwdReturn10d,FwdReturn20d
2023-05-31,285770,라이프사이언스테크놀로지,125.0,4.2485291572496005,VolumeZ,6.278500996361887,초기 확산기,-0.19999999999999996,,
2023-05-31,281310,바이오시네틱스,455.0,4.2485291572496005,VolumeZ,12.997896383421887,초기 확산기,-0.03956043956043953,,
2023-05-31,005950,이수화학,26950.0,4.2485291572496005,VolumeZ,10.526152990265146,초기 확산기,0.06493506493506485,0.23376623376623384,-0.03153988868274582
2023-05-31,138080,오이솔루션,16980.0,4.248328770342639,VolumeZ,6.636873231950712,초기 확산기,-0.019434628975265045,-0.03710247349823326,-0.07302709069493518
2023-05-31,020760,일진디스플,1458.0,4.247611099102073,VolumeZ,8.132903081155101,초기 확산기,-0.05555555555555558,-0.09190672153635115,-0.054869684499314175
2023-06-01,290120,대유에이피,5740.0,4.364011474424605,VolumeZ,15.095631072541075,초기 확산기,-0.04181184668989546,-0.05226480836236935,-0.05052264808362372
2023-06-01,006920,모헨즈,4450.0,4.363823269897384,VolumeZ,29.9158740612321,초기 확산기,0.06853932584269673,0.2921348314606742,0.17528089887640452
2023-06-01,033560,블루콤,4040.0,4.360393735076724,VolumeZ,3.8893729792357865,초기 확산기,-0.011138613861386149,-0.06806930693069302,-0.0866336633663366
2023-06-01,001940,KISCO홀딩스,18400.0,4.358667673884378,VolumeZ,2.8775311764957294,초기 확산기,-0.001630434782608714,-0.02717391304347827,-0.005978260869565211
2023-06-01,242040,나무기술,2935.0,4.3586560124306635,VolumeZ,8.049501651366443,초기 확산기,-0.09199318568994885,-0.030664395229982988,-0.1942078364565588
2023-06-02,366330,신한제7호스팩,3425.0,4.477215043467819,VolumeZ,16.54928427198293,초기 확산기,0.16496350364963508,0.10510948905109485,0.45985401459854014
2023-06-02,373200,하인크코리아,6120.0,4.476406123179215,VolumeZ,12.0837860991841,초기 확산기,0.03267973856209161,0.02614379084967311,0.03758169934640532
2023-06-02,062970,피피아이,3130.0,4.476167495867469,VolumeZ,13.34455848945911,초기 확산기,-0.054313099041533586,-0.03833865814696491,-0.060702875399361034
2023-06-02,035290,골드앤에스,3110.0,4.475905883552693,VolumeZ,16.422030847222192,초기 확산기,-0.4147909967845659,-0.4443729903536977,-0.5434083601286174
2023-06-02,004430,송원산업,17990.0,4.473331395401162,VolumeZ,17.522421074737256,초기 확산기,0.1145080600333519,0.17843246247915512,0.047804335742078985
2023-06-05,335810,프리시젼바이오,6440.0,4.586459824831147,VolumeZ,8.717497727271477,초기 확산기,-0.0357142857142857,-0.02795031055900621,-0.017080745341614856
2023-06-05,208710,바이오로그디바이스,941.0,4.585976554128464,VolumeZ,7.258413121035818,초기 확산기,-0.01700318809776835,0.06482465462274178,0.46971307120085015
2023-06-05,198080,엔피디,2330.0,4.585700234248141,VolumeZ,6.356708965996751,초기 확산기,0.006437768240343367,0.006437768240343367,-0.045064377682403456
2023-06-05,323230,엠에프엠코리아,772.0,4.580636240598845,VolumeZ,6.985198470591231,초기 확산기,0.007772020725388629,0.07124352331606221,0.07253886010362698
2023-06-05,084440,유비온,1536.0,4.57364925895637,VolumeZ,12.755804232910787,초기 확산기,-0.0234375,-0.02734375,0.23958333333333326
2023-06-07,256150,한독크린텍,8980.0,4.691479061279174,VolumeZ,7.414602575173399,초기 확산기,0.03786191536748329,-0.00222717149220486,-0.021158129175946505
2023-06-07,244460,올리패스,2215.0,4.689922529212865,VolumeZ,1.2872861724291866,초기 확산기,-0.04288939051918739,-0.24379232505643345,0.038374717832957206
2023-06-07,238120,얼라인드,8930.0,4.684545786723843,VolumeZ,1.2311821092412367,초기 확산기,-0.023516237402015694,-0.027995520716685318,-0.03135498320268759
2023-06-07,036030,케이티알파,6340.0,4.684217638094897,VolumeZ,7.475584414600429,초기 확산기,0.007886435331230235,0.020504731861198833,0.001577287066246047
2023-06-07,193250,와이제이엠게임즈,1222.0,4.6812040312555325,VolumeZ,2.8897922706326065,초기 확산기,-0.08510638297872342,-0.09983633387888702,-0.0810147299509002
2023-06-08,290270,휴네시온,5390.0,4.7999340346317645,VolumeZ,2.9559048070341047,초기 확산기,-0.08905380333951762,-0.1298701298701299,-0.19016697588126164
2023-06-08,005750,대림B&Co,3825.0,4.799907414144875,VolumeZ,21.729549379458902,초기 확산기,-0.04052287581699343,0.006535947712418277,-0.027450980392156876
2023-06-08,006570,대림통상,3850.0,4.799891667880937,VolumeZ,0.2712136014317266,정점 지나 하락기,-0.0766233766233766,-0.07272727272727275,-0.08961038961038958
2023-06-08,273060,와이즈버즈,1441.0,4.799836338462389,VolumeZ,24.963460638826604,초기 확산기,-0.0707841776544067,-0.09368494101318525,-0.10617626648160994
2023-06-08,090370,메타랩스,3140.0,4.798169163191015,VolumeZ,19.857151243485553,초기 확산기,0.035031847133758065,-0.006369426751592355,-0.09713375796178347
2023-06-09,006200,한국전자홀딩스,1449.0,4.902421757089113,VolumeZ,29.986050018393087,초기 확산기,-0.07867494824016563,-0.1028295376121463,-0.13388543823326438
2023-06-09,008250,이건산업,8400.0,4.902304519051939,VolumeZ,0.15066787197779594,정점 지나 하락기,-0.07380952380952377,-0.06785714285714284,-0.0892857142857143
2023-06-09,065440,이루온,2530.0,4.90207366431735,VolumeZ,0.17290337221800764,정점 지나 하락기,-0.025691699604743046,-0.035573122529644285,-0.12055335968379444
2023-06-09,011420,갤럭시아에스엠,2470.0,4.901064182864835,VolumeZ,0.12179911406878025,정점 지나 하락기,-0.0080971659919028,-0.038461538461538436,-0.1417004048582996
2023-06-09,389030,지니너스,2945.0,4.897584610040627,VolumeZ,434.51981826780207,초기 확산기,-0.06281833616298815,0.18336162988115445,0.13242784380305594
2023-06-12,051630,진양화학,3855.0,5.003159237570474,VolumeZ,266.5173754940125,초기 확산기,-0.046692607003890996,-0.09079118028534372,-0.14785992217898836
2023-06-12,170920,엘티씨,11100.0,5.00266290911196,VolumeZ,264.723672590637,초기 확산기,-0.01531531531531527,-0.06396396396396398,-0.072972972972973
2023-06-12,203450,유니온커뮤니티,3710.0,5.002271563910264,VolumeZ,1.1216378207332274,포화기,0.020215633423180668,-0.04582210242587603,-0.08221024258760112
2023-06-12,446600,카이바이오텍,24600.0,5.001711165216048,ChangesRatioZ,1.000000000000001,포화기,0.0,0.0,-0.06504065040650409
2023-06-12,044480,블레이드 Ent,1384.0,4.986248398248198,VolumeZ,2.6574579161166847,초기 확산기,-0.07658959537572252,-0.08453757225433522,-0.05924855491329484
2023-06-13,067920,이글루,6850.0,5.101443508307199,VolumeZ,251.1886431509587,초기 확산기,0.027737226277372296,0.051094890510948954,0.011678832116788218
2023-06-13,090150,아이윈,1851.0,5.099201368163586,VolumeZ,251.18864315095828,초기 확산기,-0.06699081577525667,-0.09562398703403563,-0.12749864937871425
2023-06-13,001840,이화공영,4240.0,5.097339987043332,VolumeZ,31.930569490917037,초기 확산기,0.010613207547169878,-0.02358490566037741,-0.008254716981132115
2023-06-13,155660,DSR,5200.0,5.0923517269768475,VolumeZ,33.82230598154204,초기 확산기,-0.0038461538461538325,-0.013461538461538414,-0.0509615384615385
2023-06-13,010960,삼호개발,3835.0,5.0919883733624784,VolumeZ,251.1886431509587,초기 확산기,-0.016949152542372836,-0.03389830508474578,-0.05084745762711862
2023-06-14,311060,엘에이티,5290.0,5.199469468957453,ChangesRatioZ,5.430117347520595,초기 확산기,0.0,-0.16635160680529304,0.037807183364839236
2023-06-14,052770,아이톡시,1649.0,5.199469468957453,ChangesRatioZ,1.000000000000001,포화기,0.21285627653123096,0.050939963614311745,0.12371134020618557
2023-06-14,046140,SBS콘텐츠허브,6680.0,5.1983776130429815,VolumeZ,279.8789786421893,초기 확산기,-0.020958083832335328,0.010479041916167775,-0.08532934131736525
2023-06-14,109860,동일금속,21700.0,5.192847748157297,ChangesRatioZ,0.006108346856714522,정점 지나 하락기,0.0,0.0,-0.4271889400921659
2023-06-14,248170,샘표식품,33600.0,5.192068228136281,VolumeZ,27.47843398654471,초기 확산기,0.21875,0.023809523809523725,-0.12351190476190477
2023-06-15,238090,앤디포스,2940.0,5.2946513892166065,VolumeZ,1.000000000000001,포화기,-0.08503401360544216,-0.13605442176870752,-0.2091836734693877
2023-06-15,038530,골드퍼시픽,469.0,5.294651389216606,VolumeZ,1.000000000000001,포화기,-0.24307036247334757,-0.24946695095948823,-0.24946695095948823
2023-06-15,010170,대한광통신,2570.0,5.289335526581029,VolumeZ,22.023228139280274,초기 확산기,-0.11673151750972766,-0.0797665369649806,-0.05058365758754868
2023-06-15,060380,동양에스텍,2535.0,5.277269118028997,VolumeZ,251.1886431509587,초기 확산기,-0.041420118343195256,0.04339250493096647,0.13214990138067062
2023-06-15,089890,코세스,14320.0,5.268584164916077,VolumeZ,52.18750949089204,초기 확산기,0.0300279329608939,0.0544692737430168,-0.06005586592178769
2023-06-16,303360,프로테옴텍,5210.0,5.388107186829344,VolumeZ,0.06309573444801943,정점 지나 하락기,-0.18234165067178498,-0.23800383877159303,-0.2024952015355086
2023-06-16,011390,부산산업,79300.0,5.3819260454384725,VolumeZ,0.8550722328757188,포화기,-0.003783102143757877,-0.007566204287515754,-0.060529634300126145
2023-06-16,045390,대아티아이,3805.0,5.37863626443543,VolumeZ,1.0782889295918927,포화기,-0.05781865965834432,-0.06044678055190533,-0.10381077529566363
2023-06-16,215790,알비케이그룹,1499.0,5.368494349604272,VolumeZ,4.063071365347149,초기 확산기,0.12474983322214817,0.1340893929286191,0.23082054703135424
2023-06-16,094940,푸른기술,8990.0,5.358324213711622,VolumeZ,1.0000000000000009,포화기,-0.03781979977753058,-0.06785317018909898,-0.07897664071190214
2023-06-19,065690,파커스,1905.0,5.479958818849171,VolumeZ,23.05639023018434,초기 확산기,-0.055118110236220486,-0.027821522309711244,-0.05459317585301837
2023-06-19,264850,이랜시스,3045.0,5.479765283131112,VolumeZ,1.284213880332324,초기 확산기,-0.039408866995073843,-0.05090311986863716,-0.13464696223316908
2023-06-19,900120,씨케이에이치,174.0,5.477642153828366,VolumeZ,22.472377942265403,초기 확산기,-0.06896551724137934,-0.08045977011494254,-0.16091954022988508
2023-06-19,013580,계룡건설,18620.0,5.46677207682933,VolumeZ,24.582275596553544,초기 확산기,-0.07572502685284643,-0.08807733619763691,-0.1143931256713212
2023-06-19,013810,스페코,4525.0,5.447029154854406,VolumeZ,2183.010891196819,초기 확산기,0.04088397790055254,0.04751381215469608,0.12928176795580115
2023-06-20,223310,커머스마이너,2805.0,5.570484990582331,VolumeZ,1.000000000000001,포화기,-0.1515151515151515,-0.1836007130124777,-0.2192513368983957
2023-06-20,060240,룽투코리아,2290.0,5.569707208887054,VolumeZ,251.18864315095828,초기 확산기,0.04585152838427953,-0.004366812227074246,0.01091703056768556
2023-06-20,187220,디티앤씨,5580.0,5.56897917518055,VolumeZ,315.6540115948622,초기 확산기,-0.04659498207885304,-0.010752688172043001,-0.13172043010752688
2023-06-20,042510,라온시큐어,2435.0,5.565910390244969,VolumeZ,3368.4897486760137,초기 확산기,0.04928131416837789,0.06776180698151957,0.07597535934291577
2023-06-20,003280,흥아해운,1886.0,5.564330169511887,VolumeZ,2447.767049199773,초기 확산기,0.1267232237539766,0.21686108165429485,0.30965005302226944
2023-06-21,100220,비상교육,6820.0,5.659215112397786,VolumeZ,3973.0703759274793,초기 확산기,-0.12023460410557185,-0.19648093841642233,-0.3086510263929618
2023-06-21,339950,아이비김영,2345.0,5.658943448918367,VolumeZ,18.902753503862385,초기 확산기,-0.031982942430703654,-0.11087420042643925,-0.18550106609808104
2023-06-21,058400,KNN,1071.0,5.657260441116936,VolumeZ,25.18684729802599,초기 확산기,-0.06629318394024275,-0.09056956115779646,-0.130718954248366
2023-06-21,115480,씨유메디칼,1208.0,5.657200804534315,VolumeZ,24.554633288766247,초기 확산기,0.037251655629139124,0.051324503311258374,0.0347682119205297
2023-06-21,016670,디모아,432.0,5.653879733482734,VolumeZ,23.179955037860786,초기 확산기,0.09722222222222232,0.09722222222222232,-0.02083333333333337
2023-06-22,002070,비비안,1684.0,5.7465437449260275,VolumeZ,0.1507671628787222,정점 지나 하락기,-0.10926365795724469,-0.0077197149643705165,-0.10035629453681705
2023-06-22,221980,케이디켐,14430.0,5.744963952397405,VolumeZ,3.4385116359623153,초기 확산기,-0.04504504504504503,-0.047124047124047164,-0.014553014553014498
2023-06-22,073110,엘엠에스,7500.0,5.744235736223549,VolumeZ,24.764742409034035,초기 확산기,-0.06666666666666665,-0.06000000000000005,-0.08799999999999997
2023-06-22,008600,윌비스,615.0,5.743838631875705,VolumeZ,251.18864315095828,초기 확산기,-0.06504065040650409,-0.06666666666666665,-0.0910569105691057
2023-06-22,054940,엑사이엔씨,1380.0,5.741863239787767,VolumeZ,4.935272172791621,초기 확산기,-0.1384057971014493,-0.16739130434782612,-0.1934782608695652
2023-06-23,311060,엘에이티,4505.0,5.832855324484059,ChangesRatioZ,9.735059875946089,초기 확산기,0.10987791342952269,0.21198668146503885,0.2874583795782464
2023-06-23,004270,남성,2645.0,5.832779205813913,VolumeZ,1.4282109718597074,초기 확산기,-0.1058601134215501,-0.15689981096408323,-0.17958412098298682
2023-06-23,042000,카페24,9780.0,5.83061184331962,VolumeZ,255.35662507452253,초기 확산기,0.4263803680981595,0.5603271983640081,0.361963190184049
2023-06-23,365270,큐라클,10420.0,5.830306724749918,VolumeZ,17.314190302810108,초기 확산기,-0.014395393474088247,-0.06813819577735125,0.527831094049904
2023-06-23,250930,예선테크,1080.0,5.822386258420746,VolumeZ,251.18864315095828,초기 확산기,-0.045370370370370394,-0.08333333333333337,-0.09722222222222221
2023-06-26,138070,신진에스엠,3460.0,5.917923751252308,VolumeZ,0.11210404622358207,정점 지나 하락기,-0.06647398843930641,-0.1719653179190751,-0.1835260115606936
2023-06-26,002220,한일철강,3540.0,5.917862852804815,VolumeZ,2.880875898912904,초기 확산기,-0.019774011299435013,-0.05932203389830504,-0.1384180790960452
2023-06-26,038290,마크로젠,24550.0,5.917846714832582,VolumeZ,16.895223188244255,초기 확산기,0.012219959266802416,-0.08146639511201625,-0.1059063136456212
2023-06-26,078000,텔코웨어,9210.0,5.90608084606768,VolumeZ,2.400111496702499,초기 확산기,-0.011943539630836053,-0.028230184581976125,-0.04668838219326821
2023-06-26,102260,동성케미컬,4700.0,5.8985168649254955,VolumeZ,24.99338139148982,초기 확산기,-0.036170212765957444,-0.04893617021276597,-0.0031914893617021045
2023-06-27,139990,아주스틸,9870.0,6.000170347087672,VolumeZ,3981.071705534991,초기 확산기,-0.014184397163120588,-0.0678824721377913,-0.1063829787234043
2023-06-27,061040,알에프텍,4745.0,5.999406204330396,VolumeZ,2956.207056366765,초기 확산기,-0.021074815595363505,-0.08113804004214964,-0.1854583772391991
2023-06-27,446070,유니드비티플러스,8780.0,5.998811748507598,VolumeZ,224.23449035570974,초기 확산기,-0.07289293849658318,-0.0751708428246014,-0.038724373576309756
2023-06-27,003800,에이스침대,29900.0,5.9986236729421165,VolumeZ,10.25806759057144,초기 확산기,-0.07023411371237454,-0.10200668896321075,-0.117056856187291
2023-06-27,065530,와이어블,2650.0,5.99392796864468,VolumeZ,1560.6461428349996,초기 확산기,0.02452830188679256,-0.024528301886792447,-0.19622641509433958
2023-06-28,001210,금호전기,1000.0,6.081831688577021,VolumeZ,251.18864315095828,초기 확산기,0.21399999999999997,0.1180000000000001,-0.14300000000000002
2023-06-28,317860,노드메이슨,5500.0,6.080432455068554,VolumeZ,43.992642223371874,초기 확산기,0.08909090909090911,-0.07272727272727275,-0.09090909090909094
2023-06-28,076340,관악산업,5830.0,6.076594410344664,VolumeZ,1.000000000000001,평시,0.06346483704974282,0.19039451114922823,0.2075471698113207
2023-06-28,035600,KG이니시스,12880.0,6.074267508500018,VolumeZ,0.24330169727808273,정점 지나 하락기,-0.06521739130434778,-0.08307453416149069,-0.19875776397515532
2023-06-28,297890,HB솔루션,19410.0,6.062441289071643,VolumeZ,264.27651737152183,초기 확산기,0.009273570324574987,-0.743946419371458,-0.7694487377640391
2023-06-29,232830,시큐센,9150.0,6.1663987538157965,VolumeZ,293.7521651912308,초기 확산기,-0.419672131147541,-0.42732240437158475,-0.6633879781420765
2023-06-29,199820,제일전기공업,13680.0,6.165594167750308,VolumeZ,1.6778599074257108,초기 확산기,0.008040935672514626,0.0314327485380117,-0.13011695906432752
2023-06-29,035460,기산텔레콤,3725.0,6.1615897669556166,VolumeZ,3.458695816538656,초기 확산기,-0.05771812080536909,-0.0738255033557047,-0.21073825503355703
2023-06-29,154030,아시아종묘,3640.0,6.157719187626039,VolumeZ,251.18864315095828,초기 확산기,0.0027472527472527375,0.024725274725274637,-0.06318681318681318
2023-06-29,056190,에스에프에이,35350.0,6.152067786862238,VolumeZ,0.08797131957353187,정점 지나 하락기,0.021216407355021172,0.04667609618104662,0.012729844413012836
2023-06-30,237750,피앤씨테크,7210.0,6.246647487010003,VolumeZ,1.4802292200556932,초기 확산기,-0.08183079056865461,-0.0859916782246879,-0.16088765603328714
2023-06-30,009780,엠에스씨,7470.0,6.237321903191624,VolumeZ,4.892354491320746,초기 확산기,-0.032128514056224855,-0.15662650602409633,-0.22891566265060237
2023-06-30,116100,태양기계,1634.0,6.217879832190758,VolumeZ,0.009599214411134399,정점 지나 하락기,0.03427172582619331,-0.033047735618115026,-0.05446756425948596
2023-06-30,253590,네오셈,3405.0,6.216535926037208,VolumeZ,0.10810697254089285,정점 지나 하락기,0.15124816446402356,0.5682819383259912,0.3215859030837005
2023-06-30,004590,한국가구,4650.0,6.215477648610509,VolumeZ,3981.071705534991,초기 확산기,-0.010752688172043001,-0.023655913978494647,-0.08709677419354833
2023-07-03,070590,한솔인티큐브,1881.0,6.323471792048301,VolumeZ,2.0974666937381983,초기 확산기,-0.04678362573099415,0.14300903774587992,0.12706007442849554
2023-07-03,053080,케이엔솔,12560.0,6.314624541341678,VolumeZ,22.310101015077873,초기 확산기,-0.05493630573248409,-0.0007961783439490722,0.8351910828025477
2023-07-03,054050,농우바이오,9070.0,6.30026738210278,VolumeZ,247.27390085093637,초기 확산기,-0.04961411245865488,-0.007717750826901848,-0.07056229327453145
2023-07-03,307930,컴퍼니케이,6790.0,6.296104474080249,VolumeZ,0.4131061409382757,정점 지나 하락기,0.042709867452135564,0.3387334315169366,0.20913107511045648
2023-07-03,023810,인팩,11250.0,6.292465373791643,VolumeZ,280.7350343069974,초기 확산기,0.07733333333333325,0.15022222222222226,0.3217777777777777
2023-07-04,106240,파인테크닉스,2605.0,6.403177722286415,VolumeZ,267.47478906599804,초기 확산기,-0.08829174664107486,-0.12476007677543188,-0.16698656429942416
2023-07-04,004890,동일산업,75500.0,6.402411961676768,VolumeZ,1.000000000000001,평시,-0.19337748344370864,-0.22516556291390732,-0.24238410596026494
2023-07-04,001070,대한방직,18700.0,6.399195940833682,VolumeZ,1.000000000000001,평시,-0.30534759358288766,-0.3545454545454545,-0.393048128342246
2023-07-04,034310,NICE,11810.0,6.395346310234526,VolumeZ,0.07756116608408738,정점 지나 하락기,-0.030482641828958545,-0.04572396274343782,-0.06435224386113458
2023-07-04,109860,동일금속,12200.0,6.394883897831269,VolumeZ,1.000000000000001,평시,-0.020491803278688492,-0.03770491803278686,-0.031147540983606503
2023-07-05,049800,우진플라임,4030.0,6.48186054645399,VolumeZ,406.43668610170823,초기 확산기,0.1228287841191067,0.002481389578163684,-0.032258064516129004
2023-07-05,331380,포커스에이치엔에스,3145.0,6.475466715398656,VolumeZ,1745.8400911528408,초기 확산기,-0.16534181240063595,-0.18759936406995226,-0.21780604133545312
2023-07-05,239610,에이치엘사이언스,20250.0,6.465950919757871,VolumeZ,251.1886431509576,초기 확산기,-0.12790123456790126,-0.1920987654320988,-0.2592592592592593
2023-07-05,123750,알톤스포츠,3925.0,6.451902512516184,VolumeZ,251.18864315095806,초기 확산기,-0.07388535031847132,-0.08025477707006368,-0.09554140127388533
2023-07-05,000520,삼일제약,7850.0,6.420786518501025,VolumeZ,0.08725336040031934,정점 지나 하락기,-0.0573248407643312,-0.07261146496815285,-0.04968152866242037
2023-07-06,096640,멜파스,200.0,6.559132733999383,ChangesRatioZ,1.000000000000001,포화기,0.3500000000000001,,
2023-07-06,023900,풍국주정,16360.0,6.55855618587488,VolumeZ,0.22196545332258227,정점 지나 하락기,-0.11308068459657705,-0.1363080684596577,-0.17909535452322733
2023-07-06,440790,교보13호스팩,2205.0,6.557895525641705,VolumeZ,259.9668386629725,초기 확산기,-0.01814058956916098,-0.013605442176870763,-0.038548752834467126
2023-07-06,104700,한국철강,6880.0,6.5575985352831045,VolumeZ,0.21570518327539226,정점 지나 하락기,-0.07994186046511631,-0.10029069767441856,-0.10901162790697672
2023-07-06,004450,삼화왕관,35400.0,6.556852389131137,VolumeZ,0.12661525594863224,정점 지나 하락기,0.06920903954802249,0.0028248587570620654,-0.06073446327683618
2023-07-07,123570,이엠넷,4030.0,6.634492156604592,VolumeZ,0.21955445470621696,정점 지나 하락기,0.22332506203473956,-0.05459057071960294,-0.1550868486352357
2023-07-07,053300,한국정보인증,5390.0,6.634172293028302,VolumeZ,16.98872623518155,초기 확산기,-0.04638218923933213,-0.07884972170686455,-0.12244897959183676
2023-07-07,003075,코오롱글로벌우,21000.0,6.6204011944206815,VolumeZ,2.0588254428617985,초기 확산기,-0.08285714285714285,-0.08333333333333337,-0.13
2023-07-07,237820,플레이디,6650.0,6.522757926058003,VolumeZ,37.797198406669466,초기 확산기,0.05263157894736836,-0.05112781954887213,-0.1533834586466165
2023-07-07,307870,비투엔,2615.0,6.486515908196959,VolumeZ,49.42879138949358,초기 확산기,0.5219885277246654,0.44168260038240925,0.3957934990439771
2023-07-10,261200,덴티스,14670.0,6.667199519316915,VolumeZ,293.44152179576184,초기 확산기,-0.09815950920245398,-0.17859577368779822,-0.1704158145875937
2023-07-10,348030,모비릭스,10180.0,6.65845660433587,VolumeZ,251.18864315095828,초기 확산기,0.046168958742632604,-0.012770137524557912,-0.0982318271119843
2023-07-10,046310,백금T&A,3480.0,6.652760998395985,VolumeZ,3.253695680664835,초기 확산기,0.04166666666666674,-0.007183908045977017,0.09770114942528729
2023-07-10,230360,에코마케팅,10720.0,6.629659391932547,VolumeZ,378.76712705217227,초기 확산기,0.052238805970149294,-0.051305970149253755,-0.03358208955223885
2023-07-10,119860,커넥트웨이브,12760.0,6.629579633131322,VolumeZ,251.18864315095828,초기 확산기,-0.023510971786833812,-0.09247648902821315,-0.12617554858934166
2023-07-11,130660,한전산업,9120.0,6.781200711712866,VolumeZ,3308.5886993445133,초기 확산기,-0.1228070175438597,-0.18092105263157898,-0.11622807017543857
2023-07-11,011700,한신기계,5930.0,6.770869898773594,VolumeZ,3929.9158477468077,초기 확산기,-0.10623946037099496,-0.1593591905564924,-0.21753794266441817
2023-07-11,105840,우진,11050.0,6.739609138326233,VolumeZ,2698.7389756935822,초기 확산기,-0.09773755656108596,-0.09864253393665157,-0.1357466063348416
2023-07-11,006910,보성파워텍,4025.0,6.736043924043468,VolumeZ,2280.8091994115534,초기 확산기,-0.07329192546583851,-0.13291925465838506,-0.17018633540372674
2023-07-11,019990,에너토크,8700.0,6.7124410470164095,VolumeZ,3133.5976978307363,초기 확산기,-0.08275862068965523,-0.1701149425287356,-0.21724137931034482
2023-07-12,078650,지나인제약,1003.0,6.857142857142858,VolumeZ,1.000000000000001,포화기,-0.8933200398803589,,
2023-07-12,155650,와이엠씨,7680.0,6.855913486589447,VolumeZ,251.18864315095828,초기 확산기,-0.06510416666666663,-0.16536458333333337,-0.12239583333333337
2023-07-12,063760,이엘피,3790.0,6.852018387055279,VolumeZ,19.417528297280615,초기 확산기,0.04617414248021112,-0.10158311345646442,-0.0316622691292876
2023-07-12,033050,제이엠아이,1280.0,6.800889694764046,VolumeZ,26.955051630034244,초기 확산기,-0.00390625,-0.1171875,-0.1171875
2023-07-12,129890,앱코,3880.0,6.778771197829401,VolumeZ,1756.6022936914483,초기 확산기,-0.046391752577319534,-0.19458762886597936,0.06572164948453607
2023-07-13,004720,팜젠사이언스,5890.0,6.92470012725765,VolumeZ,3151.650899148925,초기 확산기,0.008488964346349714,-0.03395585738539897,0.06960950764006801
2023-07-13,039860,나노엔텍,4585.0,6.923749968019769,VolumeZ,21.941292355147684,초기 확산기,0.022900763358778553,-0.08178844056706647,0.025081788440566966
2023-07-13,058820,CMG제약,2170.0,6.891745530344389,VolumeZ,212.24357251297914,초기 확산기,0.0714285714285714,-0.01382488479262678,0.20046082949308763
2023-07-13,063440,SM Life Design,2015.0,6.835868288248429,VolumeZ,2.5586922540426045,초기 확산기,-0.022332506203473934,-0.02531017369727051,0.017369727047146455
2023-07-13,099390,브레인즈컴퍼니,8880.0,6.830903833398581,VolumeZ,251.1886431509585,초기 확산기,-0.04504504504504503,-0.18693693693693691,-0.13626126126126126
2023-07-14,405350,IBKS제17호스팩,3520.0,6.997387459960526,VolumeZ,1.000000000000001,포화기,0.03977272727272729,-0.07670454545454541,-0.045454545454545414
2023-07-14,066900,디에이피,4490.0,6.989820975604366,VolumeZ,28.21012380516095,초기 확산기,-0.1737193763919822,-0.232739420935412,-0.1982182628062361
2023-07-14,331520,밸로프,1503.0,6.988933723972769,VolumeZ,2.9497957649374955,초기 확산기,-0.03260146373918826,-0.08649367930805052,-0.15901530272787756
2023-07-14,950110,SBI핀테크솔루션즈,5210.0,6.974180236150296,VolumeZ,251.1886431509587,초기 확산기,-0.06909788867562383,-0.19673704414587334,-0.1285988483685221
2023-07-14,065350,신성델타테크,12040.0,6.971232714492117,VolumeZ,251.18864315095828,초기 확산기,0.0888704318936877,0.14617940199335555,2.3222591362126246
2023-07-17,002100,경농,11800.0,7.071630873141039,VolumeZ,0.20517084277049874,정점 지나 하락기,-0.11016949152542377,-0.15000000000000002,-0.1466101694915254
2023-07-17,001550,조비,16100.0,7.061964279579191,VolumeZ,0.17351003254272798,정점 지나 하락기,-0.08633540372670812,-0.13913043478260867,-0.15093167701863353
2023-07-17,417860,오브젠,48400.0,7.030176104732986,VolumeZ,39.35517993466928,초기 확산기,-0.12086776859504134,-0.04958677685950408,-0.0475206611570248
2023-07-17,036200,유니셈,10400.0,7.002753566482772,VolumeZ,4.314477168992358,초기 확산기,-0.0971153846153846,-0.05673076923076925,-0.1826923076923077
2023-07-17,030520,한글과컴퓨터,13220.0,6.999915196090097,VolumeZ,1.3349792792798085,초기 확산기,-0.0544629349470499,-0.001512859304084735,0.05975794251134636
2023-07-18,024950,삼천리자전거,6690.0,7.1386802918654135,VolumeZ,0.15843301533211893,정점 지나 하락기,-0.09566517189835577,-0.08370702541106123,-0.08819133034379667
2023-07-18,041520,이라이콤,9200.0,7.103021677780144,VolumeZ,5.710691879993024,초기 확산기,0.15326086956521734,0.11195652173913051,-0.15326086956521734
2023-07-18,186230,그린플러스,10650.0,7.088023792223155,VolumeZ,254.24476234893945,초기 확산기,-0.0938967136150235,-0.09014084507042253,-0.1333333333333333
2023-07-18,107600,새빗켐,92600.0,7.082035952303003,VolumeZ,251.1886431509585,초기 확산기,0.0777537796976242,-0.015118790496760237,-0.08531317494600432
2023-07-18,121800,비덴트,3320.0,7.072427501871672,MarcapReturnZ,1.000000000000001,포화기,0.0,0.0,0.0
2023-07-19,307750,국전약품,7160.0,7.203918613901313,VolumeZ,0.26986057644316447,정점 지나 하락기,-0.12290502793296088,-0.05726256983240219,-0.015363128491620137
2023-07-19,356890,싸이버원,9460.0,7.202922337424143,VolumeZ,0.2220403636454802,정점 지나 하락기,0.0,0.012684989429175397,-0.017970401691331905
2023-07-19,066830,제노텍,2500.0,7.197737417861868,VolumeZ,0.00953879635361509,정점 지나 하락기,0.062000000000000055,-0.07999999999999996,-0.04200000000000004
2023-07-19,383310,에코프로에이치엔,82600.0,7.169793926495214,VolumeZ,2.8184559805577636,초기 확산기,0.05932203389830515,0.037530266343825724,0.1900726392251817
2023-07-19,043650,국순당,5940.0,7.051250522568261,VolumeZ,0.0008024329755228868,정점 지나 하락기,-0.08922558922558921,-0.006734006734006703,-0.06060606060606055
2023-07-20,004255,NPC우,3165.0,7.276272782487925,VolumeZ,251.18864315095806,초기 확산기,-0.07424960505529221,-0.056872037914691975,-0.06951026856240128
2023-07-20,365900,브이씨,5360.0,7.242064718623179,VolumeZ,251.18864315095828,초기 확산기,-0.12966417910447758,-0.08675373134328357,-0.10634328358208955
2023-07-20,104480,티케이케미칼,2680.0,7.241653762874084,VolumeZ,218.36315504335315,초기 확산기,-0.14365671641791045,-0.1623134328358209,-0.18283582089552242
2023-07-20,214260,라파스,24550.0,7.225236847171321,VolumeZ,17.062873793985823,초기 확산기,0.050916496945010215,0.10183299389002043,-0.04276985743380857
2023-07-20,330350,위더스제약,7220.0,7.209627006729936,VolumeZ,0.20644315187801526,정점 지나 하락기,-0.08725761772853191,-0.0166204986149584,-0.02216066481994461
2023-07-21,440200,케이비제23호스팩,2125.0,7.349684152591671,ChangesRatioZ,1.000000000000001,포화기,-0.09647058823529409,-0.06352941176470583,-0.14258823529411768
2023-07-21,28513K,SK케미칼우,31600.0,7.34691276524012,VolumeZ,251.18864315095828,초기 확산기,-0.08069620253164556,-0.03322784810126578,-0.08069620253164556
2023-07-21,285130,SK케미칼,70000.0,7.319786658814371,VolumeZ,251.18864315095828,초기 확산기,-0.11285714285714288,-0.05857142857142861,-0.11857142857142855
2023-07-21,005380,현대차,200000.0,7.281358514603014,RankChangeZ,1.000000000000002,평시,-0.016000000000000014,-0.039000000000000035,-0.0695
2023-07-21,080580,오킨스전자,9780.0,7.227289303891163,VolumeZ,0.0841397404144165,정점 지나 하락기,-0.34355828220858897,-0.37627811860940696,-0.4049079754601227
2023-07-24,038460,바이오스마트,3545.0,7.414087507219886,VolumeZ,3981.071705534991,초기 확산기,-0.1114245416078985,-0.046544428772919644,0.02961918194640334
2023-07-24,038340,MIT,1283.0,7.349684152591671,MarcapReturnZ,1.000000000000001,포화기,0.0,0.0,0.0
2023-07-24,207940,삼성바이오로직스,742000.0,7.34968415259167,RankChangeZ,1.2579297723472658,초기 확산기,0.032345013477088846,0.06873315363881405,0.0417789757412399
2023-07-24,377450,리파인,7790.0,7.31241989739117,VolumeZ,0.13157269533022922,정점 지나 하락기,-0.006418485237484006,0.029525032092426295,-0.03209242618741981
2023-07-24,096630,에스코넥,2100.0,7.008500979901254,VolumeZ,3235.7005535244425,초기 확산기,-0.05142857142857138,-0.18047619047619046,-0.3385714285714285
2023-07-25,418170,하나금융22호스팩,2135.0,7.484466673004186,ChangesRatioZ,251.18864315095828,초기 확산기,0.0023419203747072626,0.007025761124121788,-0.032786885245901676
2023-07-25,229640,LS전선아시아,8180.0,7.481893921410373,VolumeZ,30.160570958718147,초기 확산기,-0.01344743276283622,0.05012224938875298,0.13447432762836176
2023-07-25,383800,LX홀딩스,8140.0,7.449925279998262,VolumeZ,251.18864315095828,초기 확산기,0.0073710073710073765,-0.03194103194103193,-0.01842751842751844
2023-07-25,137940,넥스트아이,454.0,7.440973047782642,VolumeZ,1.0000000000000018,평시,-0.07268722466960353,-0.12555066079295152,-0.1651982378854625
2023-07-25,000680,LS네트웍스,3545.0,7.418164241813362,VolumeZ,6.105024224714925,초기 확산기,0.777150916784203,0.844851904090268,0.38222849083215804
2023-07-26,33637L,솔루스첨단소재2우B,9700.0,7.516365432667815,VolumeZ,1.0363195082705232,포화기,-0.04123711340206182,-0.04845360824742273,-0.05154639175257736
2023-07-26,039020,이건홀딩스,2985.0,7.471623249065817,VolumeZ,0.03644535655436643,정점 지나 하락기,-0.0016750418760469454,0.0,-0.061976549413735316
2023-07-26,382840,원준,25800.0,7.436326255184648,VolumeZ,1.7887885104861418,초기 확산기,-0.03488372093023251,-0.050387596899224785,-0.13953488372093026
2023-07-26,002320,한진,19250.0,7.408213894527149,VolumeZ,0.009945013060583098,정점 지나 하락기,0.07272727272727275,0.1376623376623376,0.10129870129870122
2023-07-26,33637K,솔루스첨단소재1우,7620.0,7.401474183734154,VolumeZ,2.0060122219438576,초기 확산기,-0.019685039370078705,-0.047244094488189003,-0.08005249343832022
2023-07-27,127710,아시아경제,1231.0,7.608836798985753,VolumeZ,251.18864315095828,초기 확산기,0.05442729488220954,0.05930138099106408,0.12347684809098292
2023-07-27,168490,한국패러랠,1968.0,7.501217119195322,ChangesRatioZ,1.174104981777424,초기 확산기,0.0035569105691057867,0.013211382113821113,0.03658536585365857
2023-07-27,004540,깨끗한나라,2190.0,7.3745868963338115,VolumeZ,251.18864315095828,초기 확산기,0.05022831050228316,0.0730593607305936,0.027397260273972712
2023-07-27,081580,성우전자,2595.0,7.333025306786285,VolumeZ,251.18864315095828,초기 확산기,0.005780346820809301,-0.026974951830443183,-0.07514450867052025
2023-07-27,001525,동양우,4860.0,7.31497561078398,VolumeZ,34.86197259470015,초기 확산기,0.024691358024691468,0.05144032921810693,0.07201646090534974
2023-07-28,054210,이랜텍,14700.0,7.465830535898495,VolumeZ,2715.851263611324,초기 확산기,-0.11904761904761907,-0.0714285714285714,-0.21020408163265303
2023-07-28,311060,엘에이티,5700.0,7.356460532978544,VolumeZ,1.1526675644994768,초기 확산기,-0.01754385964912286,0.015789473684210575,-0.05438596491228065
2023-07-28,080720,한국유니온제약,4900.0,7.14417138538986,VolumeZ,3431.9899692873323,초기 확산기,0.01836734693877551,0.08163265306122458,0.03469387755102038
2023-07-28,019170,신풍제약,16990.0,7.069664454093863,VolumeZ,15.848931924611186,초기 확산기,0.16244849911712778,0.12419070041200708,0.012360211889346662
2023-07-28,101170,우림피티에스,6380.0,6.9665955153659525,VolumeZ,2361.305237174607,초기 확산기,-0.01253918495297801,0.050156739811912265,-0.048589341692789945
2023-07-31,019490,하이트론,2470.0,7.616867247541253,MarcapReturnZ,1.000000000000001,포화기,0.0,0.0,0.0
2023-07-31,103660,씨앗,2550.0,7.616867247541253,ChangesRatioZ,1.000000000000001,포화기,0.12745098039215685,0.21568627450980382,-0.015686274509803977
2023-07-31,004830,덕성,4420.0,7.61130223503159,VolumeZ,2356.4153539724734,초기 확산기,1.6923076923076925,1.3054298642533935,0.7873303167420815
2023-07-31,004835,덕성우,5180.0,7.543288664554652,VolumeZ,1610.488068276709,초기 확산기,0.9691119691119692,0.6312741312741312,0.3359073359073359
2023-07-31,002240,고려제강,20800.0,7.5389703194417015,VolumeZ,3100.7962245431895,초기 확산기,0.22596153846153855,0.26682692307692313,0.08173076923076916
2023-08-01,323350,다원넥스뷰,8600.0,7.603819181566243,VolumeZ,251.18864315095828,초기 확산기,0.39534883720930236,0.2790697674418605,0.16279069767441867
2023-08-01,002800,신신제약,5200.0,7.6037259483298305,VolumeZ,192.963148966786,초기 확산기,-0.09134615384615385,-0.05865384615384617,-0.04038461538461535
2023-08-01,208350,지란지교시큐리티,4020.0,7.55580360873678,VolumeZ,231.24135387379718,초기 확산기,-0.018656716417910446,-0.021144278606965217,0.09950248756218905
2023-08-01,348840,데이드림엔터,4105.0,7.529781131969389,VolumeZ,251.18864315095828,초기 확산기,-0.020706455542021884,,
2023-08-01,021080,에이티넘인베스트,2480.0,7.529300991980907,VolumeZ,182.66651784210475,초기 확산기,0.153225806451613,0.1391129032258065,0.1391129032258065
2023-08-02,438220,대신밸런스제13호스팩,2160.0,7.616867247541253,VolumeZ,1.000000000000001,포화기,0.02546296296296302,0.01620370370370372,0.0185185185185186
2023-08-02,037330,인지디스플레,2245.0,7.605143972383363,VolumeZ,0.14987756955401482,정점 지나 하락기,-0.0868596881959911,0.5144766146993318,-0.03340757238307346
2023-08-02,060480,국일신동,3200.0,7.600109000114683,VolumeZ,5.91651612725907,초기 확산기,0.04062499999999991,0.2250000000000001,0.0015624999999999112
2023-08-02,045100,한양이엔지,20650.0,7.5795389703784295,VolumeZ,4.687639123508544,초기 확산기,-0.174818401937046,-0.09927360774818406,-0.19951573849878934
2023-08-02,168330,내츄럴엔도텍,2610.0,7.4752536226740585,VolumeZ,1.7810987608087485,초기 확산기,-0.04980842911877392,-0.04980842911877392,0.08812260536398475
2023-08-03,261780,차백신연구소,5440.0,7.602039471575008,VolumeZ,0.19058481764775348,정점 지나 하락기,-0.03860294117647056,0.06433823529411775,0.10477941176470584
2023-08-03,008370,원풍,4290.0,7.59671200924522,VolumeZ,40.69520382156427,초기 확산기,-0.037296037296037254,-0.036130536130536184,-0.05011655011655014
2023-08-03,950130,엑세스바이오,9110.0,7.55662667726296,VolumeZ,16.55094678131225,초기 확산기,-0.01975850713501648,-0.16026344676180027,-0.14379802414928655
2023-08-03,253840,수젠텍,8490.0,7.4155597168953005,VolumeZ,0.2165452291995188,정점 지나 하락기,-0.08598351001177851,-0.17785630153121323,-0.21790341578327443
2023-08-03,012510,더존비즈온,31350.0,7.4041625953051895,VolumeZ,0.20923976710251754,정점 지나 하락기,0.006379585326953707,-0.0015948963317384823,0.05103668261562988
2023-08-04,014470,부방,2395.0,7.578654051339758,VolumeZ,75.91851212837383,초기 확산기,0.15031315240083498,0.09394572025052184,0.2275574112734864
2023-08-04,066910,손오공,2725.0,7.520455116962877,VolumeZ,2.095428567297168,초기 확산기,-0.03302752293577982,-0.08256880733944949,-0.07155963302752288
2023-08-04,207760,미스터블루,2195.0,7.437885684459876,VolumeZ,1.6933495605865798,초기 확산기,0.0205011389521641,-0.11161731207289294,-0.08883826879271073
2023-08-04,013870,지엠비코리아,4790.0,7.415972348586851,VolumeZ,6.301554129451333,초기 확산기,-0.007306889352818424,-0.0375782881002088,-0.029227557411273475
2023-08-04,122450,KX,4605.0,7.38642209635267,VolumeZ,2.925586644925225,초기 확산기,0.0010857763300760048,-0.014115092290988063,-0.04343105320304019
2023-08-07,014570,고려제약,6540.0,7.6097195380882825,VolumeZ,1.662964818930483,초기 확산기,0.015290519877675823,0.05504587155963292,0.02752293577981657
2023-08-07,215100,로보로보,5570.0,7.598497068050182,VolumeZ,16.79975575892287,초기 확산기,0.03411131059245953,-0.07181328545780974,0.08797127468581678
2023-08-07,056080,유진로봇,7440.0,7.595953883890474,VolumeZ,17.243104524272685,초기 확산기,0.26747311827957,0.196236559139785,0.4233870967741935
2023-08-07,303530,이노뎁,11770.0,7.48414453584349,VolumeZ,0.09213705753118079,정점 지나 하락기,-0.07051826677994899,-0.0994052676295667,-0.07986406117247236
2023-08-07,210980,SK디앤디,21700.0,7.457768498105307,VolumeZ,1.8875378683357253,초기 확산기,-0.04608294930875578,-0.07373271889400923,0.02073732718894017
2023-08-08,243070,휴온스,40200.0,7.574563018334466,VolumeZ,1.47261613241923,초기 확산기,0.12437810945273631,0.17412935323383083,0.09701492537313428
2023-08-08,084110,휴온스글로벌,23200.0,7.573176867564245,VolumeZ,0.11483317971642283,정점 지나 하락기,0.11206896551724133,0.15948275862068972,0.0
2023-08-08,091440,텔레필드,2200.0,7.503299266847433,VolumeZ,1.747529992938705,초기 확산기,0.16363636363636358,0.2931818181818182,0.040909090909091006
2023-08-08,056080,유진로봇,9280.0,7.3345680175393895,VolumeZ,3981.071705534977,초기 확산기,-0.04633620689655171,-0.08512931034482762,0.21336206896551735
2023-08-08,448760,IBKS제22호스팩,2355.0,7.306842376515883,VolumeZ,636.9709327184154,초기 확산기,-0.04033970276008492,-0.06581740976645434,-0.06157112526539277
2023-08-09,170900,동아에스티,69000.0,7.575679474016423,VolumeZ,0.07787698320204202,정점 지나 하락기,-0.062318840579710155,-0.09130434782608698,-0.09565217391304348
2023-08-09,016920,카스,1512.0,7.527489502916251,VolumeZ,251.18864315095828,초기 확산기,-0.06415343915343918,-0.0806878306878307,-0.03373015873015872
2023-08-09,222110,팬젠,5480.0,7.519529333553029,VolumeZ,24.311884510360883,초기 확산기,0.04562043795620441,0.009124087591240837,0.12956204379562042
2023-08-09,008930,한미사이언스,41150.0,7.450385707460392,VolumeZ,1.0000000000000009,포화기,-0.14580801944106925,-0.1506682867557716,-0.21506682867557714
2023-08-09,067290,JW신약,3110.0,7.386635181648615,VolumeZ,1.3783824201548296,초기 확산기,-0.01607717041800638,0.006430868167202508,-0.04019292604501612
2023-08-10,123690,한국화장품,7470.0,7.585633176984885,VolumeZ,13.94583274997295,초기 확산기,0.4926372155287817,0.44712182061579653,0.2958500669344042
2023-08-10,016100,리더스코스메틱,3150.0,7.580062115259021,VolumeZ,239.13291169383157,초기 확산기,0.09206349206349196,0.05238095238095242,-0.06507936507936507
2023-08-10,027050,코리아나,3430.0,7.580053218926518,VolumeZ,1.2092694271954372,초기 확산기,0.24781341107871713,0.3600583090379008,0.13848396501457727
2023-08-10,159580,제로투세븐,6320.0,7.578508134664115,VolumeZ,6.622839309122011,초기 확산기,-0.055379746835443,-0.03322784810126578,0.05063291139240511
2023-08-10,252500,세화피앤씨,1088.0,7.5784048220628275,VolumeZ,1.7810459483657366,초기 확산기,-0.0027573529411765163,0.053308823529411686,-0.0009191176470588758
2023-08-11,353060,에이치엠씨제5호스팩,2035.0,7.616867247541253,ChangesRatioZ,1.000000000000001,포화기,0.0,0.0,0.004914004914004844
2023-08-11,048770,TPC,4020.0,7.577731700660764,VolumeZ,5.69994692305263,초기 확산기,0.062189054726368154,0.1181592039800996,0.18159203980099492
2023-08-11,005430,한국공항,43200.0,7.574026095437672,VolumeZ,3981.071705534991,초기 확산기,-0.05208333333333337,-0.02314814814814814,-0.04745370370370372
2023-08-11,123690,한국화장품,9710.0,7.504026111868774,VolumeZ,3981.071705534977,초기 확산기,0.09783728115345003,0.14521112255406798,0.12770339855818746
2023-08-11,003350,한국화장품제조,33900.0,7.448427814333435,VolumeZ,25.909348914342257,초기 확산기,-0.08112094395280234,-0.07227138643067843,-0.11946902654867253
2023-08-14,377220,프롬바이오,7570.0,7.5815115523812615,VolumeZ,284.87453065672656,초기 확산기,0.017173051519154603,0.03038309114927351,0.010568031704095038
2023-08-14,048770,TPC,4510.0,7.554244380773917,VolumeZ,3981.071705534991,초기 확산기,-0.0177383592017738,-0.005543237250554278,-0.04878048780487809
2023-08-14,003480,한진중공업홀딩스,3555.0,7.549978183763121,VolumeZ,2520.9494626572364,초기 확산기,-0.029535864978902926,-0.015471167369901506,-0.04641350210970463
2023-08-14,272550,삼양패키징,18310.0,7.450548791075969,VolumeZ,371.7156158647065,초기 확산기,-0.07045330420535223,-0.06826870562534137,-0.09393773894046964
2023-08-14,065130,탑엔지니어링,8910.0,7.425033510683764,VolumeZ,318.8731575962606,초기 확산기,-0.14029180695847365,-0.1941638608305275,-0.24579124579124578
2023-08-16,082210,옵트론텍,2940.0,7.563552341097601,VolumeZ,0.9429190095944493,포화기,-0.0374149659863946,-0.008503401360544172,0.19047619047619047
2023-08-16,048530,인트론바이오,7890.0,7.549336839150482,VolumeZ,0.2550700780015897,정점 지나 하락기,0.30418250950570336,0.3168567807351077,0.14702154626108999
2023-08-16,036830,솔브레인홀딩스,32500.0,7.465382744638611,VolumeZ,0.4008928442352002,정점 지나 하락기,0.12923076923076926,0.16769230769230759,-0.021538461538461506
2023-08-16,334890,이지스밸류리츠,4330.0,7.43630789321135,RankChangeZ,0.0782225344609754,정점 지나 하락기,0.0011547344110853786,0.033487297921477976,-0.006928406466512715
2023-08-16,046070,코다코,593.0,7.376808555471741,VolumeZ,0.0914312928489945,정점 지나 하락기,-0.17200674536256322,-0.053962900505902245,-0.12816188870151768
2023-08-17,269620,시스웍,889.0,7.616867247534819,MarcapReturnZ,1.000000000000001,포화기,0.0,0.0,0.0
2023-08-17,210120,빅텐츠,26350.0,7.616765059906598,VolumeZ,0.5172774475026447,정점 지나 하락기,-0.3089184060721063,-0.27514231499051234,-0.22960151802656548
2023-08-17,344860,이노진,4010.0,7.492608141778008,VolumeZ,0.19573226443098188,정점 지나 하락기,-0.004987531172069848,-0.13216957605985036,-0.19326683291770574
2023-08-17,085660,차바이오텍,15490.0,7.4919046968043235,VolumeZ,21.10562778493323,초기 확산기,0.0897353131052292,0.1375080697224016,0.3912201420271142
2023-08-17,357120,코람코에너지리츠,5320.0,7.487552539504099,VolumeZ,0.1172516665141817,정점 지나 하락기,-0.005639097744360888,0.03947368421052633,0.043233082706766846
2023-08-18,367360,DB금융스팩9호,2805.0,7.616867247541253,VolumeZ,1.000000000000001,포화기,0.04456327985739761,0.3529411764705883,1.0285204991087342
2023-08-18,000240,한국앤컴퍼니,12400.0,7.608232680024368,VolumeZ,24.134317128897827,초기 확산기,-0.16048387096774197,-0.1201612903225806,-0.0854838709677419
2023-08-18,027970,한국제지,1261.0,7.606137644774804,MarcapReturnZ,11.68386402755523,초기 확산기,-0.023790642347343405,0.007930214115781098,0.03330689928628083
2023-08-18,101330,모베이스,3910.0,7.605244120617496,VolumeZ,251.18864315095828,초기 확산기,-0.10997442455242967,-0.08695652173913049,-0.08056265984654731
2023-08-18,119500,포메탈,3560.0,7.590869394484932,VolumeZ,2.6394352008095066,초기 확산기,-0.0547752808988764,-0.015449438202247201,0.0547752808988764
2023-08-21,260660,알리코제약,6490.0,7.58911028833191,VolumeZ,1.4952361850310925,초기 확산기,0.0015408320493066618,-0.036979969183358996,-0.026194144838212585
2023-08-21,102260,동성케미컬,5770.0,7.5381529583435825,VolumeZ,42.12178334427187,초기 확산기,-0.16117850953206236,-0.19064124783362213,-0.19410745233968807
2023-08-21,314130,지놈앤컴퍼니,16140.0,7.348098601985385,VolumeZ,251.18864315095806,초기 확산기,0.010532837670384154,-0.015489467162329573,-0.045848822800495626
2023-08-21,339770,교촌에프앤비,8250.0,7.25452177212124,VolumeZ,251.18864315095828,초기 확산기,0.01575757575757586,-0.016969696969696968,-0.032727272727272716
2023-08-21,206650,유바이오로직스,9230.0,7.218530275512516,VolumeZ,2316.330842876816,초기 확산기,-0.015167930660888396,0.11592632719393281,0.28819068255687963
2023-08-22,006090,사조오양,8480.0,7.603705149292359,VolumeZ,2950.5729179771424,초기 확산기,0.041273584905660465,0.0,-0.024764150943396235
2023-08-22,136480,하림,3160.0,7.569731099175913,VolumeZ,28.025490074472927,초기 확산기,-0.0015822784810126667,-0.07120253164556967,-0.10759493670886078
2023-08-22,008470,부스타,4775.0,7.568768648858833,VolumeZ,0.06969931657062865,정점 지나 하락기,0.010471204188481575,-0.005235602094240788,-0.008376963350785305
2023-08-22,014970,삼륭물산,3640.0,7.567436777829228,VolumeZ,1.000000000000001,평시,0.0013736263736263687,0.012362637362637319,0.030219780219780112
2023-08-22,079980,휴비스,8420.0,7.5496651516417455,VolumeZ,2.1856972776108075,초기 확산기,-0.05463182897862229,-0.13182897862232779,-0.2565320665083135
2023-08-23,056360,코위버,7690.0,7.530052667949542,VolumeZ,1599.0585355650605,초기 확산기,-0.015604681404421283,-0.14304291287386217,-0.13133940182054615
2023-08-23,027830,대성창투,1700.0,7.5160932286873505,VolumeZ,251.18864315095806,초기 확산기,-0.03470588235294114,-0.03176470588235292,0.03470588235294114
2023-08-23,123010,아이윈플러스,2220.0,7.507540488535351,VolumeZ,1894.7566542127229,초기 확산기,-0.058558558558558516,-0.1711711711711712,-0.1896396396396396
2023-08-23,115440,우리넷,9500.0,7.471266510620126,VolumeZ,1710.42040281573,초기 확산기,-0.1294736842105263,-0.18000000000000005,-0.16421052631578947
2023-08-23,005360,모나미,3770.0,7.451771309356448,VolumeZ,3981.071705534984,초기 확산기,0.10477453580901863,-0.050397877984084904,-0.1259946949602122
2023-08-24,007210,벽산,3100.0,7.517319562596812,VolumeZ,13.142653997835888,초기 확산기,0.1645161290322581,0.185483870967742,0.3403225806451613
2023-08-24,122310,제노레이,7100.0,7.514494167571744,VolumeZ,28.873297241333123,초기 확산기,-0.008450704225352101,0.0,0.033802816901408406
2023-08-24,044990,에이치엔에스하이텍,15130.0,7.38486162863239,VolumeZ,1.2023935094125973,초기 확산기,0.08393919365499003,0.044282881692002674,0.12954395241242556
2023-08-24,194480,데브시스터즈,41550.0,7.272553987286423,VolumeZ,251.1886431509585,초기 확산기,0.10950661853188937,0.22262334536702766,0.028880866425992746
2023-08-24,151860,KG ETS,13130.0,7.269422578038346,RankChangeZ,4.797201910362691,초기 확산기,0.17821782178217815,0.07463823305407469,0.11424219345011433
2023-08-25,450410,엔에이치스팩28호,2630.0,7.612150447021169,VolumeZ,251.18864315095828,초기 확산기,0.07414448669201512,0.5038022813688212,0.34980988593155904
2023-08-25,005390,신성통상,2135.0,7.58056135212797,VolumeZ,0.15794372744900648,정점 지나 하락기,-0.05620608899297419,-0.08337236533957848,-0.09320843091334896
2023-08-25,264900,크라운제과,8810.0,7.575890460675519,VolumeZ,15.84893192461115,초기 확산기,-0.02156640181611802,-0.024971623155505163,-0.06583427922814988
2023-08-25,000890,보해양조,568.0,7.575642671482796,VolumeZ,2.4104813199523503,초기 확산기,-0.04225352112676062,-0.02464788732394363,-0.06690140845070425
2023-08-25,005670,푸드웰,5360.0,7.555295725797809,VolumeZ,2.996815950386167,초기 확산기,-0.050373134328358216,-0.06529850746268662,-0.08395522388059706
2023-08-28,052220,iMBC,3930.0,7.6125514978339845,VolumeZ,537.5829358853472,초기 확산기,-0.1055979643765903,-0.138676844783715,-0.1959287531806616
2023-08-28,039340,한국경제TV,6600.0,7.611014699605671,VolumeZ,441.33018716848306,초기 확산기,-0.01666666666666672,0.0060606060606061,-0.015151515151515138
2023-08-28,284740,쿠쿠홈시스,22650.0,7.593085421757891,VolumeZ,333.5711349511438,초기 확산기,-0.019867549668874163,-0.04415011037527594,-0.05739514348785868
2023-08-28,192400,쿠쿠홀딩스,18500.0,7.546142615398218,VolumeZ,66.59521542139487,초기 확산기,0.08378378378378382,0.027567567567567508,0.016216216216216273
2023-08-28,033130,디지틀조선,2110.0,7.543660481108638,VolumeZ,3.4739934411759403,초기 확산기,0.0023696682464455776,0.004739336492890933,-0.028436018957345932
2023-08-29,041460,한국전자인증,4655.0,7.609158853508805,VolumeZ,2.499927891416754,초기 확산기,-0.05477980665950588,-0.07948442534908695,-0.15145005370569276
2023-08-29,411080,샌즈랩,10580.0,7.605967737169701,VolumeZ,251.8736267215965,초기 확산기,0.13421550094517953,-0.046313799621928164,-0.18336483931947067
2023-08-29,049120,파인디앤씨,1358.0,7.530182829230415,VolumeZ,286.04504181952063,초기 확산기,-0.0802650957290133,-0.08100147275405012,-0.10162002945508097
2023-08-29,090355,노루페인트우,20050.0,7.413354634891127,VolumeZ,1.3954974267654938,초기 확산기,0.034912718204488824,-0.02194513715710722,-0.07730673316708225
2023-08-29,013990,아가방컴퍼니,3335.0,7.234687593823901,VolumeZ,7.057377825567343,초기 확산기,0.025487256371814038,0.0359820089955023,-0.019490254872563728
2023-08-30,013570,디와이,7760.0,7.60268824907237,VolumeZ,1753.7335037795353,초기 확산기,-0.027061855670103108,-0.125,-0.1430412371134021
2023-08-30,023770,플레이위드,6190.0,7.486435547770522,VolumeZ,3.231780262731771,초기 확산기,0.06300484652665594,0.009693053311793154,-0.03231017770597733
2023-08-30,119830,아이텍,11400.0,7.464703340333442,VolumeZ,4.068777604356988,초기 확산기,-0.12982456140350873,-0.1333333333333333,-0.22807017543859653
2023-08-30,039290,인포뱅크,12480.0,7.44287018410459,VolumeZ,43.17795511971252,초기 확산기,-0.024839743589743613,-0.05608974358974361,-0.14663461538461542
2023-08-30,087260,모바일어플라이언스,3220.0,7.439061487738093,RankChangeZ,63.86039377123824,초기 확산기,-0.07919254658385089,-0.03105590062111796,-0.07453416149068326
2023-08-31,033250,체시스,1152.0,7.614707658751515,VolumeZ,418.37753034781787,초기 확산기,0.17361111111111116,0.24913194444444442,
2023-08-31,052420,오성첨단소재,1810.0,7.614102280489106,VolumeZ,1.1534834468831598,초기 확산기,0.11602209944751385,-0.061325966850828695,
2023-08-31,245450,씨앤에스링크,1777.0,7.590427631654724,VolumeZ,19.519223059769885,초기 확산기,0.09848058525604952,-0.09960607765897578,
2023-08-31,061250,화일약품,2060.0,7.588665067569037,VolumeZ,0.004638038604577851,정점 지나 하락기,0.04854368932038833,0.06553398058252435,
2023-08-31,317120,라닉스,6100.0,7.575020341274553,VolumeZ,3.2798296245353242,초기 확산기,-0.07868852459016396,-0.15573770491803274,
2023-09-01,442310,대신밸런스제14호스팩,2130.0,7.616867247541253,VolumeZ,251.18864315095828,초기 확산기,0.0023474178403755097,-0.0023474178403756207,
2023-09-01,023350,한국종합기술,6030.0,7.588219341999699,VolumeZ,1.6170243884679962,초기 확산기,-0.0016583747927031434,0.04311774461028195,
2023-09-01,037440,희림,8680.0,7.566440897290128,VolumeZ,0.7185715505406627,정점 지나 하락기,-0.10483870967741937,0.016129032258064502,
2023-09-01,017180,명문제약,2380.0,7.538582881760264,VolumeZ,0.1402552493131968,정점 지나 하락기,0.014705882352941124,0.004201680672268893,
2023-09-01,196300,애니젠,18240.0,7.514463572075955,VolumeZ,24.813296087600413,초기 확산기,0.044407894736842035,-0.05153508771929827,
2023-09-04,223220,로지스몬,456.0,7.616658725943642,VolumeZ,0.650838040606499,정점 지나 하락기,0.0,-0.21052631578947367,
2023-09-04,131760,파인텍,1310.0,7.610138763832596,VolumeZ,5.208542772409313,초기 확산기,-0.11679389312977095,-0.11832061068702293,
2023-09-04,351330,이삭엔지니어링,13270.0,7.5674469173803,VolumeZ,1.8413462967253154,초기 확산기,-0.1522230595327807,-0.15975885455915595,
2023-09-04,020400,대동금속,9820.0,7.530379870449897,VolumeZ,3285.5734333755886,초기 확산기,0.2505091649694502,0.15580448065173114,
2023-09-04,008830,대동기어,6890.0,7.508752647414964,VolumeZ,9.278802911662401,초기 확산기,0.5965166908563135,0.8737300435413642,
2023-09-05,092590,럭스피아,1333.0,7.607290915515505,VolumeZ,1.0000000000000009,평시,0.02025506376594155,-0.0030007501875468634,
2023-09-05,050110,캠시스,1640.0,7.597222447507523,VolumeZ,29.398766424432573,초기 확산기,0.08902439024390252,-0.0128048780487805,
2023-09-05,000040,KR모터스,621.0,7.575246771254015,VolumeZ,2896.5702419232043,초기 확산기,0.05152979066022545,0.2318840579710144,
2023-09-05,003520,영진약품,2610.0,7.5432303982547175,VolumeZ,3.489471554212716,초기 확산기,-0.02298850574712641,-0.06704980842911878,
2023-09-05,053280,예스24,5030.0,7.540098623016559,VolumeZ,0.8356861729343456,정점 지나 하락기,-0.05367793240556662,-0.005964214711729587,
2023-09-06,024060,흥구석유,5550.0,7.613642556024593,VolumeZ,258.5736356731714,초기 확산기,0.3927927927927928,0.37117117117117115,
2023-09-06,202960,판도라티비,769.0,7.612670079871005,VolumeZ,19.015519971626187,초기 확산기,0.04031209362808852,0.062418725617685356,
2023-09-06,001540,안국약품,8170.0,7.609635690748655,VolumeZ,2388.5863925998724,초기 확산기,-0.04283965728274175,-0.030599755201958345,
2023-09-06,000440,중앙에너비스,18650.0,7.482704241152252,VolumeZ,251.1886431509576,초기 확산기,0.034852546916890104,0.01394101876675613,
2023-09-06,005690,파미셀,7700.0,7.383063227771676,VolumeZ,251.18864315095828,초기 확산기,-0.01948051948051943,0.0662337662337662,
2023-09-07,048470,대동스틸,3750.0,7.560637740600661,VolumeZ,0.012635344782573854,정점 지나 하락기,0.002666666666666595,-0.005333333333333301,
2023-09-07,130740,티피씨글로벌,2770.0,7.418923991465392,VolumeZ,0.00025118864315095774,정점 지나 하락기,0.22743682310469304,0.13718411552346566,
2023-09-07,137950,제이씨케미칼,8090.0,7.3302793202489545,VolumeZ,2.63740660401334,초기 확산기,-0.01606922126081578,-0.0791100123609394,
2023-09-07,242350,피엔아이컴퍼니,148.0,7.30477354960255,VolumeZ,1.000000000000001,포화기,-0.5675675675675675,,
2023-09-07,078150,HB테크놀러지,3780.0,7.267435818382474,VolumeZ,2713.645264323606,초기 확산기,-0.10582010582010581,-0.19179894179894175,
2023-09-08,226360,KH 건설,319.0,7.616867247541253,MarcapReturnZ,1.000000000000001,포화기,0.0,0.0,
2023-09-08,348150,고바이오랩,11570.0,7.585856274019375,VolumeZ,27.329138227625652,초기 확산기,0.011235955056179803,-0.16076058772687984,
2023-09-08,025860,남해화학,8080.0,7.584313321602005,VolumeZ,4.961035755191673,초기 확산기,-0.024752475247524774,-0.0804455445544554,
2023-09-08,097870,효성오앤비,8060.0,7.581220014261678,VolumeZ,8.442710884234186,초기 확산기,-0.037220843672456594,-0.07816377171215882,
2023-09-08,238200,비피도,6390.0,7.532968057150608,VolumeZ,251.18864315095828,초기 확산기,0.0046948356807512415,0.04694835680751175,
2023-09-11,266170,뿌리깊은나무들,749.0,7.612305824407462,VolumeZ,1.0000000000000047,평시,0.041388518024032095,0.03337783711615483,
2023-09-11,066130,하츠,5200.0,7.568696519473049,VolumeZ,3052.2847297443986,초기 확산기,-0.025000000000000022,-0.050000000000000044,
2023-09-11,011560,세보엠이씨,9920.0,7.548042820557826,VolumeZ,38.02631974758265,초기 확산기,-0.03931451612903225,-0.11794354838709675,
2023-09-11,095570,AJ네트웍스,4305.0,7.5243826583252655,VolumeZ,251.18864315095783,초기 확산기,0.0034843205574912606,-0.03484320557491294,
2023-09-11,211270,AP위성,13400.0,7.46369382235106,VolumeZ,15.882052805685516,초기 확산기,0.15522388059701497,0.005970149253731405,
2023-09-12,123700,SJM,4190.0,7.551263668638281,VolumeZ,1617.6120167568276,초기 확산기,-0.03818615751789978,-0.1467780429594272,
2023-09-12,003580,HLB글로벌,4950.0,7.496952139939217,VolumeZ,40.47570210631198,초기 확산기,-0.10404040404040404,-0.21111111111111114,
2023-09-12,900070,글로벌에스엠,625.0,7.4591301934216565,VolumeZ,19.952684783643246,초기 확산기,0.07360000000000011,-0.0016000000000000458,
2023-09-12,011320,유니크,5390.0,7.314727578312672,VolumeZ,24.947860078955816,초기 확산기,-0.014842300556586308,-0.09090909090909094,
2023-09-12,196170,알테오젠,59600.0,7.2910796647720755,VolumeZ,335.5255417765759,초기 확산기,0.2936241610738255,0.06208053691275173,
2023-09-13,002870,신풍,1131.0,7.615895660094414,VolumeZ,192.30303701720626,초기 확산기,-0.13527851458885942,-0.21396993810786913,
2023-09-13,179530,애드바이오텍,4910.0,7.603596166763922,VolumeZ,37.09456468298486,초기 확산기,-0.14969450101832993,-0.2922606924643585,
2023-09-13,039980,리노스,887.0,7.600922458366666,VolumeZ,355.8531083766177,초기 확산기,-0.01916572717023679,0.0011273957158963732,
2023-09-13,093190,빅솔론,5630.0,7.558642936982307,VolumeZ,8.50569327270523,초기 확산기,0.03197158081705154,0.023090586145648295,
2023-09-13,198080,엔피디,2085.0,7.497773201647587,VolumeZ,2.1470833864302974,초기 확산기,-0.0023980815347721673,-0.04076738609112707,
2023-09-14,437780,엔에이치스팩24호,2085.0,7.616867247541253,VolumeZ,1.000000000000001,포화기,-0.011990407673860948,,
2023-09-14,255440,야스,10270.0,7.594883017776785,VolumeZ,251.18864315095828,초기 확산기,-0.09055501460564752,,
2023-09-14,039420,케이엘넷,2660.0,7.565571057320872,VolumeZ,53.434298898713216,초기 확산기,-0.0714285714285714,,
2023-09-14,096240,크레버스,17730.0,7.554767015726691,VolumeZ,0.8724520424937295,포화기,-0.05358150028200792,,
2023-09-14,002880,대유에이텍,355.0,7.5532022446522,VolumeZ,0.11507975843104211,정점 지나 하락기,-0.07042253521126762,,
2023-09-15,032860,더라미,3640.0,7.616867247541253,MarcapReturnZ,1.000000000000001,포화기,0.0,,
2023-09-15,003160,디아이,8900.0,7.559745009194978,VolumeZ,3025.4404851740746,초기 확산기,-0.12247191011235958,,
2023-09-15,233250,메디안디노스틱,15500.0,7.540566946405645,VolumeZ,0.13762242564148244,정점 지나 하락기,0.0,,
2023-09-15,210980,SK디앤디,24000.0,7.4796694576820615,VolumeZ,1.286236655524528,초기 확산기,0.27708333333333335,,
2023-09-15,094860,네오리진,378.0,7.409647089941505,VolumeZ,0.9613792931256738,포화기,-0.050264550264550234,,
2023-09-18,436610,한국제11호스팩,2045.0,7.616867247541253,VolumeZ,1.000000000000001,포화기,0.0024449877750611915,,
2023-09-18,009140,경인전자,26700.0,7.607203751146752,VolumeZ,251.1886431509587,초기 확산기,-0.16104868913857673,,
2023-09-18,051780,큐로홀딩스,388.0,7.605417227035862,VolumeZ,2045.971036784176,초기 확산기,-0.09536082474226804,,
2023-09-18,000400,롯데손해보험,2390.0,7.59501930545223,VolumeZ,3981.071705534977,초기 확산기,0.09414225941422605,,
2023-09-18,005440,현대지에프홀딩스,3635.0,7.575647477400065,MarcapReturnZ,0.13647516546632527,정점 지나 하락기,-0.06602475928473173,,
2023-09-19,009415,태영건설우,7630.0,7.614402748875383,VolumeZ,152.90552144083176,초기 확산기,-0.27916120576671033,,
2023-09-19,018670,SK가스,147400.0,7.544998968672912,VolumeZ,15.777646642726877,초기 확산기,-0.010176390773405708,,
2023-09-19,000400,롯데손해보험,3105.0,7.53411111482637,VolumeZ,413.84746100635783,초기 확산기,-0.0998389694041868,,
2023-09-19,052400,코나아이,21750.0,7.504680838016351,VolumeZ,2.2554641830662026,초기 확산기,-0.06896551724137934,,
2023-09-19,069410,엔텔스,8020.0,7.494281326946196,VolumeZ,923.872038319773,초기 확산기,-0.32294264339152123,,
2023-09-20,099520,ITX-AI,1284.0,7.616867247541252,MarcapReturnZ,1.000000000000001,포화기,0.0,,
2023-09-20,072950,빛샘전자,4720.0,7.6000400488354725,VolumeZ,0.4973250258323293,정점 지나 하락기,-0.08156779661016944,,
2023-09-20,030610,교보증권,5250.0,7.575340231075432,MarcapReturnZ,0.014768585457002284,정점 지나 하락기,-0.04571428571428571,,
2023-09-20,037460,삼지전자,8640.0,7.44679286542042,VolumeZ,3.019223728631903,초기 확산기,-0.08217592592592593,,
2023-09-20,177830,파버나인,5260.0,7.370266672715126,ChangesRatioZ,26.42732223900021,초기 확산기,-0.15969581749049433,,
2023-09-21,078590,휴림에이텍,833.0,7.616867247541253,ChangesRatioZ,1.000000000000001,포화기,,,
2023-09-21,008290,원풍물산,942.0,7.608628684293194,VolumeZ,6.500998031550559,초기 확산기,,,
2023-09-21,215380,우정바이오,3175.0,7.595957755110247,VolumeZ,78.98517560728172,초기 확산기,,,
2023-09-21,244920,에이플러스에셋,4800.0,7.5905764130954445,VolumeZ,40.07575059300347,초기 확산기,,,
2023-09-21,123420,위메이드플레이,9840.0,7.560569253438029,VolumeZ,0.26814545783732635,정점 지나 하락기,,,
2023-09-22,404950,DB금융스팩10호,3375.0,7.616867247541253,ChangesRatioZ,251.18864315095828,초기 확산기,,,
2023-09-22,226440,한송네오텍,1530.0,7.616867247541253,MarcapReturnZ,1.000000000000001,포화기,,,
2023-09-22,026940,부국철강,3780.0,7.61167048111127,VolumeZ,251.18864315095828,초기 확산기,,,
2023-09-22,078590,휴림에이텍,678.0,7.5672045906360905,VolumeZ,1.000000000000001,포화기,,,
2023-09-22,049430,코메론,9180.0,7.565314227567431,VolumeZ,3.1530825157064255,초기 확산기,,,
2023-09-25,131370,알서포트,3760.0,7.595338147973683,VolumeZ,251.18864315095828,초기 확산기,,,
2023-09-25,000850,화천기공,35800.0,7.586534834582066,VolumeZ,0.2291144548763028,정점 지나 하락기,,,
2023-09-25,330730,스톤브릿지벤처스,3805.0,7.338133219035322,VolumeZ,4.558293281579111,초기 확산기,,,
2023-09-25,001940,KISCO홀딩스,19940.0,7.296250573237929,VolumeZ,0.8422036390211096,정점 지나 하락기,,,
2023-09-25,044380,주연테크,651.0,7.228556348328552,VolumeZ,0.43741574317534915,정점 지나 하락기,,,
2023-09-26,377460,위니아에이드,1405.0,7.612108377631527,VolumeZ,1.000000000000001,평시,,,
2023-09-26,001020,페이퍼코리아,829.0,7.580008358272923,MarcapReturnZ,40.073415020258174,초기 확산기,,,
2023-09-26,195990,에이비프로바이오,811.0,7.575575229427394,VolumeZ,240.2903499941846,초기 확산기,,,
2023-09-26,084010,대한제강,12600.0,7.458620517615145,VolumeZ,0.009839818997341796,정점 지나 하락기,,,
2023-09-26,413300,티엘엔지니어링,2775.0,7.411657463218338,VolumeZ,0.06309573444801951,정점 지나 하락기,,,
2023-09-27,005710,대원산업,5620.0,7.610845373958486,VolumeZ,251.18864315095828,초기 확산기,,,
2023-09-27,065500,오리엔트정공,1469.0,7.607274764733641,VolumeZ,251.1886431509585,초기 확산기,,,
2023-09-27,054090,삼진엘앤디,1845.0,7.566497399906513,VolumeZ,1.000000000000001,평시,,,
2023-09-27,054800,아이디스홀딩스,11910.0,7.549631370384169,VolumeZ,0.008471527903236048,정점 지나 하락기,,,
2023-09-27,002630,오리엔트바이오,669.0,7.477591911142862,VolumeZ,4.0993702587705725,초기 확산기,,,
